{
  "title": "Condições de entrega",
  "meta_title": "Condições de entrega",
  "meta_description": "Condições de entrega",
  "body": "**🎉🛍️ Promoção de Fim de Ano: Descontos Imperdíveis! 🎉**\n\nQuer aproveitar o final do ano com preços incríveis? \n\nNós facilitamos para você! \n\nCompre online e receba nossos produtos em qualquer lugar do Brasil. \n\nComo garantir seu desconto especial:\n\n1️⃣ Escolha seu produto favorito.\n\n2️⃣ Adicione ao carrinho.\n\n3️⃣ Ajuste a quantidade para 2 unidades.\n\n4️⃣ Desconto automático aplicado!\n\n5️⃣ Se quiser mais variedade, siga os mesmos passos.\n\n6️⃣ Atualize para 2 unidades e pronto!\n\n7️⃣ Garanta 50% de desconto a partir de 2 unidades.\n\nEscolha a forma de envio e finalize sua compra - é fácil e rápido! 🚚\n\n\\-﻿-------------------------------------------\n\n\n\n**P﻿romoção do mês - Frete Grátis para estado de SP**. **envio econômico nas compras a partir de R$99,99 até 2kg.**\n\n**P﻿romoções não cumulativas.** \n\nEnvio para Todo Brasil .\n\nEnvio em até 2 dias úteis após comprovação de pagamento.\n\nP﻿rimeira compra? Use o **cupom:primeiracompra** e **ganhe 10% de desconto**\n\nFicou com algum dúvida fale conosco pelo whatsapp\n\nM﻿ora em **São Paulo Capital?** Você também pode escolher a modalidade RETIRADA NA LOJA.\n\nRetirada **SOMENTE** por Agendamento via Whatsapp - ***De segunda a sexta das 10h às 16h*** - **Santana - São Paulo-SP**\n\nNossos contatos:\n\n[financeiro@spells.com.br](mailto:financeiro@spells.com.br) ou Whatsapp: [(11) 93027-0924](https://web.whatsapp.com/send?phone=%2B5511930270924)",
  "sections": [
    {
      "type": "page-title"
    },
    {
      "type": "breadcrumbs",
      "enabled": true
    },
    {
      "type": "extra-page",
      "enabled": true
    },
    {
      "type": "dynamic-showcase",
      "load_more": true,
      "sort": "sales"
    },
    {
      "type": "info-bar",
      "enabled": true
    }
  ]
}