{
  "title": "Escolha Spells - Economia no Bolso Comprovada!",
  "body": "![Quem compara economiza com Spells ](/img/uploads/__perfumesexclusivos-casalimpaeperfumadacomspells.webp \"https://loja.spells.com.br/spells-a-marca\")",
  "sections": [
    {
      "type": "extra-page",
      "enabled": true
    },
    {
      "type": "responsive-banner",
      "img": "/img/uploads/__quemcomparaeconomizacomspells.webp",
      "link": "https://loja.spells.com.br/spells-a-marca",
      "alt": "Casa Limpa e Perfumada "
    },
    {
      "type": "page-title",
      "title": "A magia da limpeza começa aqui.",
      "description": "Spells - Produtos de Limpeza Mágicos"
    },
    {
      "type": "collection-shelf",
      "shuffle": false,
      "limit": 12,
      "page": 1,
      "sort": "sales"
    },
    {
      "type": "info-bar",
      "enabled": true
    }
  ]
}