{
  "title": "Como Comprar",
  "meta_title": "Como Comprar",
  "meta_description": "Dúvidas frequentes de sua compra na Spells - Whatsapp / Atacado / Trocas e Devoluções",
  "body": "## **Dúvidas frequentes**\n\n**COMO COMPRAR?**\n\nÉ muito fácil comprar seus produtos na Spells.\n\nEscolha seus produtos, clique em adicionar ao carrinho ou no botão comprar, ele será adicionado ao seu carrinho.\n\nApós escolher todos os produtos que desejar. Clique em Finalizar Compra\n\nDefina o frete de envio\n\nConfirme seus dados para envio, confira se todos os dados estão corretos, caso falte alguma numeração ou dado para envio, o retorno e reenvio será cobrado do cliente, não nos responsabilizamos por informações incorretas ou dados faltantes.\n\nEscolha a forma de pagamento e finalize a compra.\n\nPronto, seu pedido será embalado para postagem :) \n\nAgora é só aguardar seu pedido chegar na sua casa e deixar o toque de Mágica entrar em sua vida!\nRápido, prático, eficiente e sustentável. \nA maneira mais fácil de limpar a sua casa, economizar e deixar aquele perfume único!\n\n**QUAL É A FORMA E O PRAZO DE ENTREGA?**\n\nO prazo de entrega depende do CEP de destino e será informado na página de finalização do pedido, a entrega será realizada pelos CORREIOS ou Transportadora. Você poderá escolher entre os serviços PAC, SEDEX , Transportadora como método de envio na página de finalização do pedido.\n\n**QUAIS SÃO AS FORMAS DE PAGAMENTO?**\n\nVocê pode pagar com cartão de crédito , boleto bancário ou PIX (neste caso você será instruído no próprio site e por e-mail sobre a conta e como proceder com o pagamento).\n\n**Para Atacado:** \nForma de pagamento: PIX , boleto ou  cartão em até 3x sem juros\n*Frete para Atacado* - a calcular no momento do pedido somente via Whatsapp\nou Retirada no local com agendamento ZN/SP, o processo de venda é finalizado por [Whatsapp: (11) 93027-0924](https://web.whatsapp.com/send?phone=%2B5511930270924)\n\n**COMO ACOMPANHAR O ANDAMENTO DO PEDIDO?**\n\n[Acompanhe aqui.](https://loja.spells.com.br/app/#/account/orders)\n\n**TROCAS E DEVOLUÇÕES**\n\nTodas as ocorrências que envolvam troca ou devolução devem ser comunicadas por email ou whatsapp com o assunto **TROCA ou DEVOLUÇÃO** e com número do pedido.\n[financeiro@spells.com.br ](mailto:financeiro@spells.com.br)ou [Whatsapp: (11) 93027-0924](https://web.whatsapp.com/send?phone=%2B5511930270924)\nO contato deve ser enviado em **até 48 horas após o recebimento dos produtos,** trocas ou devoluções não comunicadas ou comunicadas após o prazo não serão efetuadas.\n\nA devolução deve ser feita com a mesma embalagem e cuidados que o produto foi enviado. Se o produto for devolvido sem os cuidados necessários e chegar avariado, a troca ou devolução não será efetuada.\n\nIMPORTANTE: Recuse o recebimento dos produtos em caso de embalagem avariada ou produto em desacordo com o pedido.\n*Se ainda assim você receber o produto, entre em contato conosco em até 48 horas.*\n\nAinda tem dúvidas? \n\nEntre em contato conosco, será um prazer atendê-lo.\n\n[financeiro@spells.com.br ](mailto:financeiro@spells.com.br)ou [Whatsapp: (11) 93027-0924](https://web.whatsapp.com/send?phone=%2B5511930270924)",
  "sections": [
    {
      "type": "page-title"
    },
    {
      "type": "breadcrumbs",
      "enabled": true
    },
    {
      "type": "extra-page",
      "enabled": true
    },
    {
      "type": "info-bar",
      "enabled": true
    }
  ]
}