{
  "title": "Formas de pagamento",
  "meta_title": "Formas de pagamento",
  "meta_description": "Formas de pagamento",
  "body": "Aceitamos: PIX |  Boleto  | Cartão de Crédito \n\nCartão de Crédito - **parcele em até 3x sem juros nas compras a partir de R$100**\n\n\nEscolha a melhor forma de pagamento no final de sua compra.",
  "sections": [
    {
      "type": "page-title"
    },
    {
      "type": "breadcrumbs",
      "enabled": true
    },
    {
      "type": "dynamic-showcase",
      "load_more": true,
      "sort": "news"
    },
    {
      "type": "info-bar",
      "enabled": true
    }
  ]
}