{
  "youtube": "https://www.youtube.com/@spellsbrazil",
  "facebook": "https://www.facebook.com/spellsbrazil",
  "phone": "0800 501 0103",
  "doc_number": "29.088.295/0001-81",
  "whatsapp": "(11) 9 3027-0924",
  "instagram": "https://www.instagram.com/spellsbrazil",
  "twitter": "",
  "address": "São Paulo - SP, 02450-010",
  "tiktok": "https://www.tiktok.com/@spellsbrazil",
  "pinterest": "https://br.pinterest.com/spellsbrazil/",
  "email": "financeiro@spells.com.br",
  "linkedin": "https://kwai-video.com/u/@spellsbrazil/CaWxdc5e"
}