{
  "description": {
    "title": "",
    "text": ""
  },
  "links_1": {
    "list_pages": false,
    "title": "Mais Informações",
    "list": [
      {
        "text": "A Mágica da Limpeza",
        "url": "https://loja.spells.com.br/pages/contato"
      },
      {
        "text": "Spells - A Empresa",
        "url": "https://loja.spells.com.br/pages/sobre-nos"
      },
      {
        "text": "Como Comprar",
        "url": "https://loja.spells.com.br/pages/faq"
      },
      {
        "text": "Formas de Pagamento",
        "url": "https://loja.spells.com.br/pages/pagamentos"
      },
      {
        "text": "Formas de Envio",
        "url": "https://loja.spells.com.br/pages/entrega"
      },
      {
        "text": "Segurança e Privacidade",
        "url": "https://loja.spells.com.br/pages/privacidade"
      },
      {
        "text": "Trocas e Devoluções",
        "url": "https://loja.spells.com.br/pages/faq"
      },
      {
        "text": "Atacado",
        "url": "https://loja.spells.com.br/pages/contato"
      }
    ]
  },
  "links_2": {
    "list_categories": false,
    "title": "Categorias",
    "list": []
  },
  "contacts": {
    "title": "Nossos Contatos",
    "phone_wpp": true,
    "socials": true,
    "email": true,
    "address": true
  },
  "stamps": [
    {
      "src": "/img/uploads/ssl.png",
      "alt": "Loja Segura e Protegida"
    },
    {
      "src": "/img/uploads/pag.png",
      "alt": "meios de pagamento"
    },
    {
      "src": "/img/uploads/maistempo-0.png",
      "alt": "Qualidade de Vida"
    },
    {
      "src": "/img/uploads/eureciclo-0.png",
      "alt": "Somos parceiros do Eu Reciclo"
    },
    {
      "src": "/img/uploads/sustentavel-0.png",
      "alt": "Sustentabilidade é Vida!"
    }
  ],
  "payment_methods": {
    "pix": false,
    "visa": false,
    "mastercard": false,
    "elo": false,
    "amex": false,
    "hipercard": false,
    "boleto": false
  },
  "credits": ""
}