{
  "marketing_stripe": {
    "text": "Cupom : primeiracompra ganhe 10% de desconto / Frete Grátis para Estado de SP nas compras a partir de R$99,99**",
    "link": "https://loja.spells.com.br/pages/entrega",
    "background": "#4b2cae",
    "color": "#ffffff"
  },
  "contacts_stripe": {
    "pages": [
      {
        "title": "Minha Conta",
        "link": "https://loja.spells.com.br/app/#/account/"
      },
      {
        "title": "Meus Pedidos",
        "link": "https://loja.spells.com.br/app/#/account/orders"
      },
      {
        "title": "Como Comprar",
        "link": "https://loja.spells.com.br/pages/faq"
      },
      {
        "title": "Atacado",
        "link": "https://loja.spells.com.br/pages/contato"
      }
    ],
    "phone_wpp": true,
    "socials": true
  },
  "categories_list": {
    "featured": [
      "/detergente-spells?Detergente",
      "/desengordurante-spells?Desengordurante",
      "/desinfetante-spells?Desinfetante",
      "/limpa-piso-spells?Limpa Piso",
      "/limpa-vidros-spells?Limpa Vidros",
      "/passa-roupas-spells?Passa Roupas",
      "/multiuso-spells?Multiuso",
      "/frascos?Frascos",
      "/kits?Kits",
      "/frasco-reutilizavel-spells?Reutilizável"
    ],
    "random": 11,
    "full_width": true
  },
  "centralized_logo": false,
  "desktop_megamenu": false,
  "search_input": true,
  "alphabetical_order_submenu": true,
  "full_width_submenu": false
}