{
  "meta_title": "Spells - Produtos de Limpeza Mágicos ",
  "meta_description": "Compre online produtos de limpeza ecológicos.  Leve um toque de mágica para sua casa, praticidade , economia e um perfume único.  Envio para Todo Brasil.  Varejo e Atacado Somos parceiros do Eu Reciclo, por um mundo mais sustentável.",
  "sections": [
    {
      "type": "banner-slider",
      "autoplay": 9000,
      "full_width": true,
      "slides": [
        {
          "start": "2024-04-01T23:11:34.197Z",
          "end": "",
          "img": "/img/uploads/__rendimento-spells-geral-d.webp",
          "mobile_img": "/img/uploads/__rendimento-spells-geral.webp",
          "link": "https://loja.spells.com.br/spells-a-marca",
          "alt": "Compre online - Produtos de Limpeza Spells"
        }
      ]
    },
    {
      "type": "responsive-banner",
      "img": "/img/uploads/fachadageral-d23.png",
      "mobile_img": "/img/uploads/fachadageral-m23.png",
      "link": "https://loja.spells.com.br/pages/entrega",
      "alt": "Produtos de Limpeza Spells - Envio para Todo Brasil"
    },
    {
      "type": "banners-grid",
      "banners": [
        {
          "img": "/img/uploads/desengordurante-spells-h.png",
          "link": "https://loja.spells.com.br/desengordurante-spells"
        },
        {
          "img": "/img/uploads/aguadepassar-spells-p.png",
          "link": "https://loja.spells.com.br/passa-roupas-spells"
        },
        {
          "img": "/img/uploads/detergente-spells-h.png",
          "link": "https://loja.spells.com.br/detergente-spells"
        }
      ]
    },
    {
      "type": "banners-grid",
      "banners": [
        {
          "img": "/img/uploads/limpapiso-spells-h.png",
          "link": "https://loja.spells.com.br/limpa-piso-spells"
        },
        {
          "img": "/img/uploads/multiuso-spells-h.png",
          "link": "https://loja.spells.com.br/multiuso-spells"
        },
        {
          "img": "/img/uploads/limpavidros-h.png",
          "link": "https://loja.spells.com.br/limpa-vidros-spells"
        }
      ]
    },
    {
      "page": 1,
      "title": "Conheça Todos Nossos Kits - Limpeza Mágica e Poderosa",
      "shuffle": true,
      "headless": false,
      "type": "collection-shelf",
      "link": "https://loja.spells.com.br/kits",
      "limit": 12,
      "collection_id": "644c09db4bd2e929c1e4f76c:categories:Kits:/kits",
      "sort": "views"
    },
    {
      "page": 1,
      "title": "Economize: Frascos de 250ml rendem 5 litros ",
      "shuffle": false,
      "headless": false,
      "type": "collection-shelf",
      "link": "https://loja.spells.com.br/frascos",
      "limit": 12,
      "collection_id": "644c09b24bd2e929c1e4f6f1:categories:Frascos:/frascos",
      "sort": "sales"
    },
    {
      "type": "responsive-banner",
      "img": "/img/uploads/atacado-23d.png",
      "mobile_img": "/img/uploads/atacado-m23.png",
      "link": "https://loja.spells.com.br/pages/contato",
      "alt": "Atacado e Revenda Spells"
    },
    {
      "type": "custom-html",
      "html": "<h4 class=\"products-carousel__title\"><a href=\"https://www.youtube.com/@spellsbrazil\" target=\"_blank\">Veja mais vídeos</a></h4>\n\n  <center><iframe width=\"560\" height=\"315\" src=\"https://www.youtube.com/embed/q_pbSFFewiQ?si=DNfaYB7pFcOvsOK3\" title=\"YouTube video player\" frameborder=\"0\" allow=\"accelerometer; autoplay; clipboard-write; encrypted-media; gyroscope; picture-in-picture; web-share\" allowfullscreen>\n  </iframe><center>"
    },
    {
      "type": "banners-grid",
      "banners": [
        {
          "img": "/img/uploads/_2perfumesexclusivos.webp"
        },
        {
          "img": "/img/uploads/__3-ultraconcentrados.webp"
        },
        {
          "img": "/img/uploads/__4-leveza-e-eficiencia.webp"
        },
        {
          "img": "/img/uploads/__5sustevel.webp"
        }
      ]
    },
    {
      "type": "info-bar",
      "enabled": true
    }
  ]
}