{
  "shipping": {
    "show": true,
    "text": "Entregamos para todo o Brasil",
    "title": "Envio Rápido e Seguro",
    "link": "https://loja.spells.com.br/pages/entrega"
  },
  "installments": {
    "show": true,
    "text": "Parcele em até 3x sem juros no cartão a partir de R$100",
    "title": "Aceitamos PIX  | Boleto Bancário e Cartão de Crédito",
    "link": "https://loja.spells.com.br/pages/pagamentos"
  },
  "exchange": {
    "show": false,
    "text": "Não gostou? A primeira troca é gratuita"
  },
  "promo": {
    "show": true,
    "text": " nas compras a partir de R$99 até 2kg ",
    "title": "FRETE GRÁTIS para Estado de SP",
    "link": "https://loja.spells.com.br/pages/entrega"
  }
}